timestamp,id,bM,bH,b_prime_H,forg_prob,rep_prob,t_total,t_QKD_Bob,t_QKD_Charlie,t_signatures_total,t_single_signature,mode
2026-08-26_16-15-44,251106878,80,41,44,7.275957614183426e-11,1.8417267710901797e-11,4.310779958963394,1.9161717500537634,1.900746374973096,0.488117958069779,0.4457182090263814,hwsim
2026-08-26_16-15-59,9466157,80,41,44,7.275957614183426e-11,1.8417267710901797e-11,4.25662216602359,1.8886352089466527,2.0341725409962237,0.3286239169538021,0.32848137500695884,hwsim
2026-08-26_16-16-11,104227277,80,41,44,7.275957614183426e-11,1.8417267710901797e-11,4.219200166990049,1.8731498750858009,2.022539958008565,0.31331358291208744,0.313179292017594,hwsim
2026-08-26_16-16-30,665599853,80,41,44,7.275957614183426e-11,1.8417267710901797e-11,4.2605092918965966,2.0285394579404965,1.9022090410580859,0.3231763750081882,0.3230035419110209,hwsim
2026-08-26_16-16-43,391006661,80,41,44,7.275957614183426e-11,1.8417267710901797e-11,4.1002380000427365,1.8821028330130503,1.8917145839659497,0.32266920793335885,0.3225278330501169,hwsim
2026-08-26_16-18-02,741601024,800,45,45,4.547473508864641e-11,5.0590642786119133e-11,4.2941051659872755,1.8952120000030845,2.029532333021052,0.3639884589938447,0.3638532080221921,hwsim
2026-08-26_16-18-32,145071777,800,45,45,4.547473508864641e-11,5.0590642786119133e-11,4.368887833901681,1.9369097499875352,2.0164278330048546,0.39805204200092703,0.3978823749348521,hwsim
2026-08-26_16-18-49,258247981,800,45,45,4.547473508864641e-11,5.0590642786119133e-11,4.1496084169484675,1.885968624963425,1.9198512920411304,0.33775041706394404,0.3376120829489082,hwsim
2026-08-26_16-19-02,877982318,800,45,45,4.547473508864641e-11,5.0590642786119133e-11,4.1331974159693345,1.8875747919082642,1.9174776669824496,0.3224705420434475,0.3223275829805061,hwsim
2026-08-26_16-19-15,786325642,800,45,45,4.547473508864641e-11,5.0590642786119133e-11,4.341136374976486,1.9092900829855353,2.0378044169628993,0.3883717500139028,0.388216209015809,hwsim
2026-08-26_16-19-55,83382623,8000,48,49,5.6843418860808015e-11,2.8762769943568856e-11,4.412303916993551,2.0508437079843134,1.898232709034346,0.43415733298752457,0.4339197090594098,hwsim
2026-08-26_16-20-30,139339430,8000,48,49,5.6843418860808015e-11,2.8762769943568856e-11,4.1404954170575365,1.8746492500649765,1.8991921250708401,0.34167279198300093,0.3415205420460552,hwsim
2026-08-26_16-20-59,752998386,8000,48,49,5.6843418860808015e-11,2.8762769943568856e-11,4.283021749928594,2.0275885830633342,1.8971188750583678,0.33098974998574704,0.33083837502636015,hwsim
2026-08-26_16-21-13,970324716,8000,48,49,5.6843418860808015e-11,2.8762769943568856e-11,4.305517875007354,1.9357755420496687,1.9438589160563424,0.3917996670352295,0.3916174160549417,hwsim
2026-08-26_16-21-40,489233217,8000,48,49,5.6843418860808015e-11,2.8762769943568856e-11,4.336179250036366,1.8922120830975473,2.045109000056982,0.37327037507202476,0.373134084045887,hwsim
2026-08-26_16-22-11,87761915,80000,51,53,7.105427357601002e-11,1.7786216943704858e-11,4.550225707935169,1.8928792090155184,1.9079073329921812,0.5326448330888525,0.5324866250157356,hwsim
2026-08-26_16-22-24,971499750,80000,51,53,7.105427357601002e-11,1.7786216943704858e-11,4.539678584085777,1.8951517500681803,1.8951147079933435,0.5289776250720024,0.5288252499885857,hwsim
2026-08-26_16-22-37,793079797,80000,51,53,7.105427357601002e-11,1.7786216943704858e-11,4.556472249911167,1.8944254169473425,1.8955375420628116,0.5412022499367595,0.5410476250108331,hwsim
2026-08-26_16-22-49,78032791,80000,51,53,7.105427357601002e-11,1.7786216943704858e-11,4.597339375060983,1.8867802079766989,1.9084449160145596,0.5852020840393379,0.5850682080490515,hwsim
2026-08-26_16-23-05,499963834,80000,51,53,7.105427357601002e-11,1.7786216943704858e-11,4.709831333020702,2.0534939999924973,1.8873435839777812,0.5472289159661159,0.5470637920079753,hwsim
2026-08-26_16-23-49,314696787,800000,55,55,4.440892098500626e-11,4.44150272116417e-11,8.539210332906805,2.030372165958397,1.8976590419188142,2.3371012919815257,2.3369324590312317,hwsim
2026-08-26_16-24-10,580105294,800000,55,55,4.440892098500626e-11,4.44150272116417e-11,8.57513304206077,2.0454042500350624,1.9065432080533355,2.4482916250126436,2.448032582993619,hwsim
2026-08-26_16-24-27,999293374,800000,55,55,4.440892098500626e-11,4.44150272116417e-11,8.653514083009213,1.9049823749810457,2.038913332973607,2.4192151250317693,2.4190500419354066,hwsim
2026-08-26_16-24-46,424405861,800000,55,55,4.440892098500626e-11,4.44150272116417e-11,8.566706749959849,2.0409064589766786,1.898419333039783,2.4184060000116006,2.4182481670286506,hwsim
2026-08-26_16-25-04,726814464,800000,55,55,4.440892098500626e-11,4.44150272116417e-11,8.908602417097427,2.0612518748966977,2.0549087920226157,2.567664165981114,2.5674764580326155,hwsim
2026-08-26_16-25-31,653487793,8000000,58,59,5.551115123125783e-11,2.775597807147534e-11,47.31963362498209,1.8860815420048311,1.9295541249448434,21.253567833919078,21.252996749943122,hwsim
2026-08-26_16-26-32,756842314,8000000,58,59,5.551115123125783e-11,2.775597807147534e-11,48.37427362508606,1.9021539160748944,2.024834042065777,22.213636166998185,22.21191825007554,hwsim
2026-08-26_16-27-30,161722488,8000000,58,59,5.551115123125783e-11,2.775597807147534e-11,48.33059437503107,2.143125082948245,1.9514648340409622,20.943871750030667,20.942940292065032,hwsim
2026-08-26_16-28-48,797244093,8000000,58,59,5.551115123125783e-11,2.775597807147534e-11,47.77694083401002,1.9886132089886814,2.1383369580144063,21.43930550001096,21.435502207954414,hwsim
2026-08-26_16-29-54,702702999,8000000,58,59,5.551115123125783e-11,2.775597807147534e-11,50.70364141697064,2.129105458036065,1.90929966699332,21.95201879204251,21.951158083975315,hwsim
2026-08-26_16-31-57,550987599,80000000,61,63,6.938893903907228e-11,1.734726121430108e-11,788.523632416036,2.1275358750717714,1.9682570829754695,339.41260958404746,339.2710565000307,hwsim
2026-08-26_16-45-35,167533909,80000000,61,63,6.938893903907228e-11,1.734726121430108e-11,684.0401442919392,1.9688790830550715,2.0722300419583917,238.40558229095768,238.38997395895422,hwsim
2026-08-26_16-59-48,300421187,80000000,61,63,6.938893903907228e-11,1.734726121430108e-11,1186.3412409999873,1.8983555829618126,1.9286365839652717,430.84511824999936,430.78733754192945,hwsim
2026-08-26_17-20-58,180428497,80000000,61,63,6.938893903907228e-11,1.734726121430108e-11,1154.7794841669966,1.9008522919612005,2.151051666936837,435.82283429207746,435.7612837080378,hwsim
2026-08-26_19-02-59,419769864,80000000,61,63,6.938893903907228e-11,1.734726121430108e-11,697.1241925000213,2.059643749962561,2.686904125032015,310.0322768749902,309.97817016695626,hwsim
2026-08-27_15-57-40,251174746,800,33,21,1.862645149230957e-07,0.0008258819580078125,4.160612833002233,1.932815166997898,1.869655624999723,0.35277312499965774,0.35264325000025565,hwsim
2026-08-28_12-42-19,511869348,800,33,21,1.862645149230957e-07,0.0008258819580078125,4.102247875001922,1.881002707996231,1.876333332998911,0.33957679200102575,0.339445292003802,hwsim
2026-08-28_12-45-13,953195655,800,33,21,1.862645149230957e-07,0.0008258819580078125,4.179310207997332,1.9640000419967691,1.8678815829989617,0.341655834003177,0.3415266669981065,hwsim
2026-08-28_16-08-55,754983324,800,33,21,1.862645149230957e-07,0.0008258819580078125,4.202726957999403,1.8751167089940282,1.9374014580098446,0.3843469579878729,0.3842121670022607,hwsim
2026-08-28_16-19-26,745642134,800,33,21,1.862645149230957e-07,0.0008258819580078125,4.235036583006149,1.9618111659947317,1.8888937500014435,0.37827454099897295,0.37810291700589005,hwsim
2026-08-28_16-20-22,912274197,800,33,21,1.862645149230957e-07,0.0008258819580078125,4.212074290990131,1.9550465410138713,1.8667969169910066,0.38355758400575723,0.38338316600129474,hwsim
2026-08-28_16-31-55,804643636,800,33,21,1.862645149230957e-07,0.0008258819580078125,4.236859208001988,1.968684541003313,1.887770332992659,0.36866645800182596,0.36850054100796115,hwsim
2026-08-28_16-33-12,603375969,800,33,21,1.862645149230957e-07,0.0008258819580078125,4.23764087499876,1.8894797910033958,1.9629307919967687,0.368967041009455,0.3688136669952655,hwsim
2026-08-28_16-34-39,952574531,800,33,21,1.862645149230957e-07,0.0008258819580078125,4.262237666989677,1.9728841670003021,1.8825682500028051,0.40109037500224076,0.40093312499811873,hwsim
2026-08-28_16-36-09,9809764,800,33,21,1.862645149230957e-07,0.0008258819580078125,4.115818624995882,1.887397875005263,1.8729272080090595,0.3499247080035275,0.3497782080085017,hwsim
